URL	Name	Price	Brand	Response Time	Refresh Rate	Resolution	Panel
https://www.newegg.com/32-uj590-uhd-wqhd-monitor-lu32j590uqnxza/p/N82E16824022724?recaptcha=pass	Samsung UJ59 ViewFinity LU32J590UQNXZA 32" 3840 x 2160 Ultra HD 4K Resolution 2x HDMI, DisplayPort AMD FreeSync Flicker Free Slim Bezel LED Backlit LCD Monitor	$219.99	SAMSUNG	4ms (GTG)	60 Hz	3840 x 2160 (4K)	VA
https://www.newegg.com/asus-pa248qv-24-1-wuxga/p/N82E16824281061?recaptcha=pass	ASUS ProArt Display PA248QV 24" WUXGA 1920 x 1200 16:10 Professional Monitor, 100% sRGB/Rec.709 Delta E < 2, IPS, DisplayPort HDMI D-Sub, Calman Verified, Eye Care, Anti-glare, Tilt Pivot Swivel Height Adjustable	$219.99	ASUS	5 ms (GTG)	75 Hz	1920 x 1200	IPS
https://www.newegg.com/asus-27u411a-b-27-fhd-120-hz-ips-black/p/N82E16824026494?recaptcha=pass	LG 27U411A-B 27-inch Full HD (1920 x 1080) IPS Computer Monitor, 120Hz, HDR10, Reader Mode, Flicker Safe, HDMI, Slim Stand Base, Black	$106.99	LG	5ms (GtG at Faster), 1ms MBR	120 Hz	1920 x 1080	IPS
https://www.newegg.com/msi-pro-mp225-22-fhd-100-hz-ips-matte-black/p/N82E16824475468?recaptcha=pass	MSI PRO MP225, 22-inch IPS 1920 x 1080 (FHD) Computer Monitor, 100Hz, Adaptive-Synch, HDMI, Video Port, VESA Mountable, Tilt, 1ms, Black	$69.99	MSI	1ms (MPRT) / 4ms (GTG)	100 Hz	1920 x 1080	IPS
https://www.newegg.com/benq-gw2791-27-fhd-100-hz-ips/p/N82E16824014979?recaptcha=pass	BenQ GW2791 27” 1080p FHD 100Hz IPS Eye-Care Monitor, HDMI, DisplayPort, 1080x1920, Ultra Slim Bezel, TUV-Certified, Flicker-Free, Low Blue Light Plus, Eye-CareU	$99.99	BenQ	5 ms	100 Hz	1920 x 1080	IPS
https://www.newegg.com/p/N82E16824014978?recaptcha=pass	BenQ GW2491 23.8” 1080p FHD 100Hz IPS Eye-Care Monitor, HDMI, DisplayPort, 1080x1920, Ultra Slim Bezel, TUV-Certified, Flicker-Free, Low Blue Light Plus, Eye-CareU	$99.99	BenQ	5 ms	100 Hz	1920 x 1080	IPS
https://www.newegg.com/p/N82E16824026499?recaptcha=pass	LG 24" FHD IPS 120Hz HDR10 Monitor with Slim Stand - 24U411A-B	$99.99	LG	5 ms	120 Hz	1920 x 1080	IPS
https://www.newegg.com/p/0JC-000D-00EC3?recaptcha=pass	LG 32MR50C-B 32-inch FHD Curved Monitor 100Hz, AMD FreeSync, OnScreen Control, Dynamic Action Sync, Black Stabilizer, Tilt Stand (HDMI), 2023	$179.99	LG	5 ms	100 Hz	NaN	VA
https://www.newegg.com/p/N82E16824475490?recaptcha=pass	MSI PRO MP272PMG, 27-inch IPS 1920 x 1080 (FHD) Computer Monitor, 120Hz, Webcam, Adaptive-Synch, EPEAT Silver, HDMI, DisplayPort, VGA Port, VESA Mountable, Tilt, Height Adjustable, Speaker, 1ms, Black	$161.65	MSI	1 ms	120 Hz	1920 x 1080	IPS
https://www.newegg.com/msi-pro-mp275q-27-qhd/p/N82E16824475369?recaptcha=pass	MSI PRO MP275Q 27-inch 2560 x 1440 (WQHD) IPS Panel Office Monitor, 100Hz, Eye-Friendly Screen, Free-Synch, HDMI, DP (1.2a), VESA Mountable, Tilt, Built-in Speaker, Black	$179.99	MSI	1ms (MPRT) / 4ms (GTG)	100 Hz	2560 x 1440 (2K)	IPS
https://www.newegg.com/msi-pro-mp273aw-27-fhd/p/N82E16824475315?recaptcha=pass	MSI 27'' 100 Hz IPS FHD Gaming Monitor 1ms (MPRT) / 4ms (GTG) 106% sRGB (CIE 1976) Flat Panel Pro MP273AW	$109.99	MSI	1ms (MPRT) / 4ms (GTG)	100 Hz	1920 x 1080	IPS
https://www.newegg.com/msi-pro-mp251w-e2-24-5-fhd-120-hz-ips-matte-white/p/N82E16824475450?recaptcha=pass	MSI PRO MP273QW E2 27-inch IPS 2560 x 1440 (QHD) Computer Monitor, 100Hz, Adaptive-Synch, HDMI, DP Port, VESA Mountable, Tilt, Speaker, 1ms, White	$149.99	MSI	1ms (MPRT) / 4ms (GTG)	100 Hz	2560 x 1440 (2K)	IPS
https://www.newegg.com/acer-eb321hq-31-5-full-hd/p/N82E16824011206?recaptcha=pass	Acer Office Professional EB321HQ Awi 32" IPS 1920x1080 Low Blue Light and Flicker-Less VESA wall Mounting Monitor, VGA, HDMI	$169.99	Acer	4 ms	60 Hz	1920 x 1080	IPS
https://www.newegg.com/samsung-s3-27-fhd-100-hz-va-black/p/N82E16824027358?recaptcha=pass	SAMSUNG 27" 100 Hz VA FHD Monitor 4ms (GTG) 95% sRGB Curved S3 (S39GD)	$199.99	SAMSUNG	4ms (GTG)	100 Hz	1920 x 1080	VA
https://www.newegg.com/msi-md342cqpw-34-uwqhd-120-hz-modern-va-matte-white/p/N82E16824475419?recaptcha=pass	MSI 34" 120 Hz VA UWQHD Monitor 1ms (MPRT) / 4ms (GTG) Adaptive-Sync Adobe RGB / DCI-P3 / sRGB: 92% / 95% / 119% Curved Modern MD342CQPW	$339.99	MSI	1ms (MPRT) / 4ms (GTG)	120 Hz	3440 x 1440	VA
https://www.newegg.com/msi-pro-mp341cqw-34-0-uwqhd/p/N82E16824475280?recaptcha=pass	MSI Pro MP341CQW 34" UWQHD 3440 x 1440 (2K) 100 Hz 1ms (MPRT) / 4ms (GTG) Built-in Speakers Curved monitor	$239.99	MSI	1ms (MPRT) / 4ms (GTG)	100 Hz	3440 x 1440 (2K)	VA
https://www.newegg.com/msi-pro-mp273u-27-uhd/p/N82E16824475400?recaptcha=pass	MSI 27" 60 Hz IPS UHD Monitor 4 ms Flat Panel PRO MP273U	$194.99	MSI	4 ms	60 Hz	3840 x 2160 (4K)	IPS
https://www.newegg.com/msi-md272upsw-27-uhd-60-hz-modern-ips-matte-white/p/N82E16824475465?recaptcha=pass	MSI Modern MD27UPSW 27-inch IPS 3840 x 2160 (UHD) Smart Monitor, 60 Hz, Adaptive-Synch, HDR Ready, HDMI, DisplayPort, USBC 65W Power Delivery, VESA Mountable, Height Adjustable, Speaker, White	$283.99	MSI	4ms (GTG)	60 Hz	3840 x 2160 (4K)	IPS
https://www.newegg.com/samsung-ls27d368ganxza-27-fhd-max-100hz-s36gd-va-black/p/N82E16824027357?recaptcha=pass	Samsung 27" S3 (S36GD) FHD 100Hz Curved Monitor LS27D368GANXZA	$169.99	SAMSUNG	4ms (GTG)	Max 100Hz	1920 x 1080	VA
https://www.newegg.com/p/N82E16824281332?recaptcha=pass	ASUS ProArt Display 27“ 1440P Professional Monitor (PA278CFRV) - IPS, QHD (2560 x 1440), Pre-Calibrated, 95% DCI-P3, Daisy-chain, 100Hz, LuxPixel AGLR, Calman Verified, USB-C 96W, HDR400	$329.00	ASUS	5ms (GTG)	100 Hz	2560 x 1440 (2K)	IPS
https://www.newegg.com/samsung-ls24d300ganxza-24-fhd-100-hz-s30gd-ips-black/p/N82E16824027353?recaptcha=pass	SAMSUNG 24" 100 Hz IPS FHD Monitor 5 ms Flat Panel S30GD LS24D300GANXZA	$109.99	SAMSUNG	5 ms	100 Hz	1920 x 1080	IPS
https://www.newegg.com/msi-md272uphw-27-uhd-60-hz-modern-ips-matte-white/p/N82E16824475464?recaptcha=pass	MSI Modern MD27UPHW 27-inch IPS 3840 x 2160 (UHD) Computer Monitor, 60 Hz, Adaptive-Synch, Display HDR 400, HDMI, DisplayPort, USBC 98W Power Delivery, KVM, VESA Mountable, Height Adjustable, Speaker	$329.99	MSI	4ms (GTG)	60 Hz	3840 x 2160 (4K)	IPS
https://www.newegg.com/p/N82E16824281356?recaptcha=pass	ASUS 24" Docking Monitor BE248CFN - WUXGA (1920x1200), IPS, 100Hz, Frameless, USB-C Docking, RJ45, Speakers, Height Adjustable, HDMI, Daisy-chain, Eye Care, Wall Mountable	$269.99	ASUS	5ms (GTG)	100 Hz	1920 x 1200	IPS
https://www.newegg.com/samsung-ls24d368ganxza-24-fhd-100-hz-va-black/p/N82E16824027354?recaptcha=pass	Samsung 24" S3 (S36GD) FHD 100Hz Curved Monitor LS24D368GANXZA	$129.99	SAMSUNG	4ms (GTG)	100 Hz	1920 x 1080	VA
https://www.newegg.com/msi-mag-272qp-qd-oled-x50-27-qhd-500-hz-metallic-white/p/N82E16824475501?recaptcha=pass	MSI 27" 500 Hz QD-OLED 2560 x 1440(QHD) Gaming Monitor FreeSync (AMD Adaptive Sync) MAG 272QP MAG 272QP QD-OLED X50	$749.99	MSI	0.03 ms	500 Hz	2560 x 1440 (2K)	QD-OLED
https://www.newegg.com/p/N82E16824281378?recaptcha=pass	ASUS ROG Strix OLED XG32UCWMG Gaming Monitor 32" 4K(3840 x 2160) 240 Hz OLED 0.03ms(GTG) FreeSync Premium Pro & G-Sync Compatible DCI-P3 99%	$1,099.99	ASUS	0.03 ms(GTG)	240 Hz	3840 x 2160 (4K)	OLED
https://www.newegg.com/acer-x27u-x1bmiiphx-27-wqhd-240-hz-predator-qd-oled-black/p/N82E16824011520?recaptcha=pass	Acer Predator X32 X2bmiiphx Gaming Monitor 31.5" UHD 3840 x 2160 OLED with AMD FreeSync Premium Pro, 240Hz, 0.03ms (G to G), Delta E<2, DCI-P3 99% Wide Color Gamut	$799.99	Acer	0.03ms (GTG)	240 Hz	3840 x 2160 (4K)	QD-OLED
https://www.newegg.com/asus-vg27wq3b-27-qhd-digital-signal-frequency-displayport-267-267-khz-48-180-hz-hdmi-30-225-khz-48-144-hz-tuf-gaming-fast-va-black/p/N82E16824281353?recaptcha=pass	ASUS TUF Gaming 27" 1440P Curved HDR Gaming Monitor (VG27WQ3B) - QHD (2560 x 1440), 180Hz, 0.5ms, 1500R, Extreme Low Motion Blur, FreeSync, 90% DCI-P3, Shadow Boost, DisplayWidget	$179.99	ASUS	1ms(GTG), 0.5ms(min.)	180 Hz	2560 x 1440 (2K)	Fast VA
https://www.newegg.com/asus-vg32aqa1a-32-wqhd-170-hz-va/p/N82E16824281242?recaptcha=pass	ASUS TUF Gaming Montitor 31.5” 1440P HDR(VG32AQA1A) - QHD (2560 x 1440), 170Hz, 1ms, Extreme Low Motion Blur, FreeSync Premium, DisplayPort, HDMI, HDR-10, Shadow Boost, VESA Wall Mountable	$239.99	ASUS	1 ms	170 Hz	2560 x 1440 (2K)	VA
https://www.newegg.com/gigabyte-gs27qa-sa-27-qhd-180-hz-super-speed-ips-black/p/N82E16824012083?recaptcha=pass	GIGABYTE - GS27QA SA - 27" IPS Gaming Monitor - QHD 2560x1440 - 180Hz - 1ms MPRT - AMD FreeSync - HDMI, DP - Black	$159.99	GIGABYTE	1ms (MPRT)	180 Hz	2560 x 1440 (2K)	Super Speed IPS
https://www.newegg.com/acer-vg272u-w2bmiipx-27-wqhd-144hz-using-hdmi-port-240hz-using-display-port-nitro-ips-black/p/N82E16824011485?recaptcha=pass	Acer Nitro VG272U W2 Gaming Monitor 27" 2560x1440 IPS 240Hz Refresh rate 0.5ms response time AMD FreeSync Premium HDR400, HDMIx2, DisplayPort, Speaker	$199.99	Acer	Up to 0.5ms	144Hz Using HDMI Port240Hz Using Display Port	2560 x 1440 (2K)	IPS
https://www.newegg.com/asus-vy249hgr-27-fhd-120-hz-ips-black/p/N82E16824281334?recaptcha=pass	ASUS VY249HGR Eye Care Gaming Monitor – 23.8 inch FHD (1920 x 1080), IPS, 120Hz(OC), SmoothMotion, 1ms (MPRT), Adaptive Sync, Eye Care Plus technology, Blue Light Filter, Flicker Free	$79.99	ASUS	1 ms (MPRT)	120 Hz	1920 x 1080	IPS
https://www.newegg.com/asus-xg27acg-27-qhd-180hz-above-144hz-rog-strix-fast-ips/p/N82E16824281381?recaptcha=pass	ASUS ROG Strix XG27ACG USB Type-C Gaming Monitor – 27'' WQHD(2560x1440), 180Hz, 1ms (GTG), Fast IPS, Extreme Low Motion Blur Sync, USB Type-C, G-Sync compatible (processing), DisplayWidget	$249.99	ASUS	1 ms	180Hz (Above 144Hz)	2560 x 1440 (2K)	Fast IPS
https://www.newegg.com/abs-gq271ne-27-qhd-180-hz-ips-black/p/N82E16824942001?recaptcha=pass	ABS Gaming Monitor 27" 180Hz Fast IPS QHD (2560x1440) 1ms VESA DisplayHDR 400, FreeSync,DCI-P3 95% GQ271NE	$149.99	ABS	2ms GTG, 1ms DIC	180 Hz	2560 x 1440 (2K)	Fast IPS
https://www.newegg.com/asus-vg32uqa1a-32-uhd-160hz-tuf-gaming-va/p/N82E16824281252?recaptcha=pass	ASUS TUF Gaming Monitor 32" (31.5" viewable) 4K HDR DSC(VG32UQA1A) - UHD (3840 x 2160), 160Hz, 1ms, Extreme Low Motion Blur Sync, FreeSync Premium, HDMI2.1, Speakers, 120% sRGB, DisplayHDR 400	$399.00	ASUS	1 ms MPRT	160Hz (OC)	3840 x 2160 (4K)	VA
https://www.newegg.com/msi-mpg-346cqrf-x24-34-uwqhd-240-hz-rapid-va-black/p/N82E16824475505?recaptcha=pass	MSI 34" 3440x1440 240 Hz Rapid VA UWQHD Gaming Monitor FreeSync (AMD Adaptive Sync) MPG 346CQRF X24	$379.99	MSI	0.50 ms	240 Hz	3440 x 1440	Rapid VA
https://www.newegg.com/p/N82E16824281341?recaptcha=pass	ASUS TUF Gaming VG249Q3R Gaming Monitor – 23.8", Full HD(1920x1080), 180Hz, Fast IPS, Extreme Low Motion Blur™, 1ms (GTG), FreeSync™, Variable Overdrive, 100% sRGB	$109.99	ASUS	1ms (GTG)	180 Hz	1920 x 1080	Fast IPS
https://www.newegg.com/gigabyte-m27up-sa-27-160hz-uhd-320hz-fhd-m-series-ips-black/p/N82E16824012106?recaptcha=pass	GIGABYTE M27UP SA 27" SS IPS Gaming Monitor UHD 3840x2160 - 160Hz - 1ms GTG - AMD FreeSync Premium, G-SYNC Compatible - Dual Mode - Type C KVM - HDMI, DP, Type-C - Height and Tilt Adjustable - Black	$379.99	GIGABYTE	1ms GTG	160 Hz	3840 x 2160 (UHD)1920 x 1080 (FHD)	IPS
https://www.newegg.com/msi-mag-255xf-25-fhd-300-hz-rapid-ips-metallic-black/p/N82E16824475433?recaptcha=pass	MSI Gaming Monitor 25" 300 Hz Rapid IPS FHD 0.5ms Adaptive Sync 1920 x 1080 MAG 255XF	$149.99	MSI	0.5ms (GTG, Min.)	300 Hz	1920 x 1080	Rapid IPS
https://www.newegg.com/msi-mag301rf-29-5-fhd-200-hz-optix-rapid-ips-black/p/N82E16824475143?recaptcha=pass	MSI 29.5" Optix MAG301RF Gaming Monitor Full HD 2560 x 1080 200Hz SS IPS 1ms (GTG) DisplayPort HDMI Tilt Swivel Height Adjust VESA Nvidia G-Sync Compatible	$219.99	MSI	1ms (GTG)	200 Hz	2560 x 1080	Rapid IPS
https://www.newegg.com/msi-g272qpf-e2-27-wqhd-180-hz-rapid-ips/p/N82E16824475370?recaptcha=pass	MSI 27" 180 Hz Rapid IPS WQHD Gaming Monitor 2560 x 1440 (2K) G272QPF E2	$199.99	MSI	1 ms	180 Hz	2560 x 1440 (2K)	Rapid IPS
https://www.newegg.com/gigabyte-gs27qc-sa-27-qhd-165hz-oc-170hz-va/p/N82E16824012105?recaptcha=pass	GIGABYTE -  GS27QC (SA) - 27" VA Curved Gaming Monitor - QHD 2560x1440 - 165Hz/OC 170Hz - 1ms MPRT - AMD FreeSync Premium - HDMI, DP - Black	$159.99	GIGABYTE	1 ms	165Hz/OC 170Hz	2560 x 1440 (2K)	VA
https://www.newegg.com/asus-xg248qsg-24-1-fhd-610-hz-rog-strix-super-tn-black/p/N82E16824281383?recaptcha=pass	ASUS ROG Strix XG248QSG Ace Esports Gaming Monitor — 24.1" FHD (1920 x 1080) Super TN panel, 610Hz refresh rate (overclocked), 0.1ms response time (min.), ELMB 2, VRR, DisplayHDR™ 400, HDMI 2.1	$999.00	ASUS	0.1 ms(min)/0.7 ms(GTG)	610 Hz	1920 x 1080	Super TN
https://www.newegg.com/samsung-g60sd-27-qhd-360-hz-qd-oled-g6-silver/p/N82E16824027372?recaptcha=pass	SAMSUNG 27" Odyssey QD-OLED G6 (G60SF) Gaming Monitor QHD Max 500Hz 0.03ms FreeSync Premium & G-Sync Compatible 99% (CIE1976)	$849.99	SAMSUNG	0.03 ms	Max 500Hz	2560 x 1440 (2K)	OLED
https://www.newegg.com/p/N82E16824475510?recaptcha=pass	MSI MAG 274QPF X30MV 27-inch 2560 x 1440 (QHD) Gaming Monitor, 300Hz, Adaptive-Synch, HDMI, DisplayPort, VESA Mountable, Tilt, Height Adjustable, Speaker, 0.5ms, Black	$399.99	MSI	0.50 ms	300 Hz	2560 x 1440 (2K)	Rapid VA with Mini-LED (1152 Zones)
https://www.newegg.com/msi-pro-mp251w-e2-24-5-fhd-120-hz-ips-matte-white/p/N82E16824475436?recaptcha=pass	MSI PRO MP251W E2 Gaming Monitor 24.5-inch IPS 1920 x 1080 (FHD), 120Hz, Adaptive Sync, HDR Ready, HDMI, VGA Port, Display Port,VESA Mountable, Tilt, Speaker, 4-side slim bezel ,1ms, White	$119.99	MSI	1ms (MPRT) / 4ms (GTG)	120 Hz	1920 x 1080	IPS
https://www.newegg.com/msi-mag345cqr-34-uwqhd-180-hz-va-metallic-black-rgb/p/N82E16824475371?recaptcha=pass	MSI MAG345CQR Curved Gaming Monitor UWQHD(3440x1440) 34" 180Hz VA w/ AMD FreeSync Premium, Dual HDMI, DisplayPort, Black	$298.99	MSI	1ms (MPRT)	180 Hz	3440 x 1440 (2K)	VA
https://www.newegg.com/gigabyte-gs34wqc-34-wqhd-120hz-oc-135hz-va-black/p/N82E16824012067?recaptcha=pass	GIGABYTE - GS34WQC - 34" VA Curved Gaming Monitor - WQHD 3440x1440 - 120Hz/OC 135Hz - 1ms MPRT - AMD FreeSync Premium - HDMI, DP - Black	$249.99	GIGABYTE	1ms (MPRT)	120Hz / OC 135Hz	3440 x 1440 (2K)	VA
https://www.newegg.com/lg-27gx790a-b-aus-27-qhd-480-hz-ultragear-oled-black/p/N82E16824026450?recaptcha=pass	LG UltraGear 27" 480 Hz OLED QHD Gaming Monitor 0.03ms Nvidia G-Sync Compatible 2560 x 1440 (2K) DCI-P3 98.5% 27GX790A-B	$749.99	LG	0.03ms (GtG)	480 Hz	2560 x 1440 (2K)	OLED
https://www.newegg.com/acer-kg271u-pbiip-27-qhd-170hz-using-display-port-144hz-using-hdmi-port-va-black/p/N82E16824011452?recaptcha=pass	Acer 27” 170Hz 2K Gaming Monitor 1ms AMD FreeSync Premium, WQHD (2560 x 1440), HDR Support (1 x Display Port 1.2 & 2 x HDMI 2.0 Ports) Nitro KG271U Pbiip	$148.99	Acer	1 ms	170Hz using Display Port 144Hz using HDMI Port	2560 x 1440 (2K)	VA
https://www.newegg.com/p/N82E16824012101?recaptcha=pass	GIGABYTE - GS27U - 27" SS IPS Gaming Monitor - UHD 3840x2160 - 160Hz - 1ms MPRT - AMD FreeSync Premium - HDMI, DP - Black	$299.99	GIGABYTE	1 ms	160 Hz	3840 x 2160 (4K)	Super Speed IPS
https://www.newegg.com/lg-32gp750-b-32-qhd-165-hz-ultragear-ips/p/N82E16824026321?recaptcha=pass	LG 32" 165 Hz IPS QHD Gaming Monitor Nvidia G-Sync Compatible 2560 x 1440 (2K) sRGB 99% (CIE1931) UltraGear 32GP750-B	$399.99	LG	1 ms (GtG at Faster)	165 Hz	2560 x 1440 (2K)	IPS
https://www.newegg.com/lg-27g850a-b-27-uhd-240-hz-ultragear-ips-black/p/N82E16824026474?recaptcha=pass	LG 27" 4K 240 Hz IPS Black UHD Gaming Monitor Nvidia G-Sync Compatible DCI-P3 99% (CIE1976) DUAL MODE Full HD 480Hz UltraGear 27G850A-B	$599.99	LG	1ms (GtG at Faster)	240 Hz	3840 x 2160 (4K)	IPS Black
https://www.newegg.com/lg-32gs60qc-b-32-qhd-180-hz-ultragear-va/p/N82E16824026415?recaptcha=pass	LG 32" 180 Hz VA QHD Gaming Monitor FreeSync (AMD Adaptive Sync) sRGB 99% (CIE1931) UltraGear 32GS60QC-B	$296.99	LG	1ms (GtG at Faster)	180 Hz	2560 x 1440 (2K)	VA
https://www.newegg.com/acer-31-5-uhd-240-hz-predator-x32-x2bmiiphx-oled-black/p/N82E16824011524?recaptcha=pass	Acer Predator X32 X2bmiiphx Gaming Monitor 31.5" UHD 3840 x 2160 OLED with AMD FreeSync Premium Pro, 240Hz, 0.03ms (G to G), Delta E<2, DCI-P3 99% Wide Color Gamut	$799.99	Acer	0.03ms (GTG)	240 Hz	3840 x 2160 (4K)	QD-OLED
https://www.newegg.com/lg-27gr83q-b-27-qhd-240-hz-ultragear-ips-black/p/N82E16824026379?recaptcha=pass	LG 27" 240 Hz IPS QHD(2560 x 1440) Gaming Monitor Nvidia G-Sync Compatible DCI-P3 95% (CIE1976) UltraGear 27GR83Q-B	$499.00	LG	1ms (GtG at Faster)	240 Hz	2560 x 1440 (2K)	IPS
https://www.newegg.com/msi-pro-mp251-e2-24-5-fhd/p/N82E16824475408?recaptcha=pass	MSI PRO MP251 E2 Gaming Monitor 24.5" IPS 1920 x 1080 (FHD), 120Hz, Adaptive-Synch, HDR Ready, HDMI, VGA Port, Display Port, VESA Mountable, Tilt, Speaker, 1ms, Black	$109.99	MSI	1ms (MPRT) / 4ms (GTG)	120 Hz	1920 x 1080	IPS
https://www.newegg.com/p/3D4-0003-00072?recaptcha=pass	LG - UltraGear 27" IPS LED 180Hz 1-ms NVIDIA G-SYNC Compatible and AMD Freesync Gaming Monitor with HDR - Black	$349.99	LG	NaN	180 Hz	NaN	NaN
https://www.newegg.com/msi-mag-341cqp-qd-oled-34-uwqhd-175-hz/p/N82E16824475350?recaptcha=pass	MSI 34" 175 Hz QD-OLED UWQHD Curved Gaming Monitor 3440 x 1440 (2K) MAG 341CQP QD-OLED	$699.99	MSI	0.03ms (GTG)	175 Hz	3440 x 1440 (2K)	QD-OLED
https://www.newegg.com/gigabyte-aorus-fo27q3-27-qhd-360-hz-qd-oled/p/N82E16824012080?recaptcha=pass	GIGABYTE - AORUS FO27Q3 - 27" QD OLED Gaming Monitor - QHD 2560x1440 - 360Hz - 0.03ms GTG - AMD FreeSync Premium Pro - Type C KVM - HDMI, DP, Type C - Height Adjustable - Black	$649.99	AORUS	0.03ms GTG	360 Hz	2560 x 1440 (2K)	OLED
https://www.newegg.com/msi-mag401qr-40-uwqhd-155-hz-ips-metallic-black-rgb/p/N82E16824475289?recaptcha=pass	MSI 40" 155 Hz IPS UWQHD IPS Gaming Monitor FreeSync Premium (AMD Adaptive Sync) 3440 x 1440 (2K) MAG401QR	$369.99	MSI	1ms (MPRT)	155 Hz	3440 x 1440 (2K)	IPS
https://www.newegg.com/asus-xg27acdng-26-5-qhd-360-hz-rog-strix-oled-qd-oled-black/p/N82E16824281333?recaptcha=pass	ASUS 26.5" 360 Hz OLED QHD Gaming Monitor FreeSync Premium Pro & G-Sync Compatible DCI-P3 99%, sRGB 135% ROG Strix OLED XG27ACDNG	$699.99	ASUS	0.03ms (GTG)	360 Hz	2560 x 1440 (2K)	OLED
https://www.newegg.com/msi-mag-244f-24-fhd-200-hz-rapid-ips-metallic-black/p/N82E16824475471?recaptcha=pass	MSI 24" 200 Hz Rapid IPS FHD Gaming Monitor Adaptive Sync MAG 244F	$119.99	MSI	0.5ms (GtG, Min)	200 Hz	1920 x 1080	Rapid IPS
https://www.newegg.com/msi-mag-325cqf-31-5-qhd-180-hz-rapid-va-metallic-black/p/N82E16824475481?recaptcha=pass	MSI 31.5" 180 Hz Rapid VA QHD Gaming Monitor AMD Adaptive Sync 91% ADOBE RGB / 96% DCI-P3 / 124% sRGB (CIE1976 Standard) MAG 325CQF	$214.99	MSI	0.5ms (GTG)	180 Hz	2560 x 1440 (2K)	Rapid VA
https://www.newegg.com/asrock-phantom-gaming-pgo27qfv-27-qhd-hdmi-30khz-510khz-48hz-360hz-dp-30khz-510khz-48hz-360hz-oled-black/p/N82E16824946006?recaptcha=pass	ASRock Phantom Gaming Monitor 27" 360Hz 0.03ms QD-OLED QHD 2560 x 1440 (2K), AMD FreeSync Premium Pro (PGO27QFV)	$648.00	ASRock Phantom Gaming	0.03 ms (GTG)	360 Hz	2560 x 1440 (2K)	OLED
https://www.newegg.com/lg-34gx90sa-w-aus-34-wqhd-240-hz-ultragear-oled-white/p/N82E16824026479?recaptcha=pass	LG UltraGear 34" 240 Hz OLED WQHD(3440x1440) Gaming Monitor Nvidia G-Sync Compatible DCI-P3 98.5% (CIE1976) HDMI 2.1 34GX90SA-W	$899.99	LG	0.03 ms	240 Hz	3440 x 1440	OLED
https://www.newegg.com/msi-mag-274cqf-27-qhd-180-hz-rapid-va-metallic-black/p/N82E16824475430?recaptcha=pass	MSI 27" 180 Hz Rapid VA QHD Gaming Monitor Adaptive Sync 89% Adobe RGB 93% DCI-P3 128% sRGB MAG 274CQF	$174.99	MSI	0.5 ms (GtG, Min.)	180 Hz	2560 x 1440 (2K)	Rapid VA
https://www.newegg.com/asrock-phantom-gaming-cl25ffa-24-5-fhd-120-hz-ips-black/p/N82E16824028019?recaptcha=pass	ASRock Phantom Gaming Monitor 24.5" 120 Hz IPS FHD sRGB 99% CL25FFA CL25FFA	$99.99	ASRock Phantom Gaming	1 ms	120 Hz	NaN	IPS
https://www.newegg.com/p/0ZK-01Y2-001Z6?recaptcha=pass	Acer Nitro ED306C Xbmiippx Gaming Monitor 29.5" VA 1500R Curved Zero-Frame UWFHD (2560 x 1080) with AMD FreeSync Premium Technology, Up to 200Hz, 1ms VRB, HDR 10, VESA mounting compliant	$179.99	Acer	1ms (VRB)	200 Hz	2560 x 1080	VA
https://www.newegg.com/msi-mag-271qpx-qd-oled-e2-27-qhd-240-hz-metallic-black/p/N82E16824475394?recaptcha=pass	MSI 27" 240 Hz OLED QHD Gaming Monitor MAG 271QPX QD-OLED E2	$649.99	MSI	0.03ms (GTG)	240 Hz	2560 x 1440 (2K)	OLED
https://www.newegg.com/msi-mag-27cq6f-27-qhd-180-hz-rapid-va-metallic-black/p/N82E16824475397?recaptcha=pass	MSI MAG 27CQ6F 27-inch 2560 x 1440 (QHD) Gaming Monitor, 180Hz, MSI MAG 27CQ6F 27-inch 2560 x 1440 (QHD) Gaming Monitor, 180Hz, Curved Screen, Adaptive-Sync, HDR Ready, HDMI, VGA Port, Display Port,VESA Mountable, Tilt, Speaker, 0.5ms, Blac	$179.99	MSI	0.5ms (GtG, Min.)	180 Hz	2560 x 1440 (2K)	Rapid VA
https://www.newegg.com/asrock-phantom-gaming-pgo32ufs-32-uhd-240hz-fhd-480hz-oled-black/p/N82E16824946005?recaptcha=pass	ASRock Phantom Gaming Monitor 31.5" 240Hz 4K/UHD (3840x2160) Flat WOLED, 0.03ms (GTG), 99% DCI-P3 / 132% sRGB Color Space, 2 x HDMI 2.1, 2 x DisplayPort 1.4, 3 x USB, PGO32UFS	$898.99	ASRock Phantom Gaming	0.03 ms (GTG)	UHD 240Hz / FHD 480Hz	3840 x 2160 (4K)	OLED
https://www.newegg.com/gigabyte-aorus-fo32u2-32-uhd-240-hz-qd-oled/p/N82E16824012081?recaptcha=pass	GIGABYTE - AORUS FO32U2 - 32" QD OLED Gaming Monitor - UHD 3840x2160 - 240Hz - 0.03ms GTG - AMD FreeSync Premium Pro - Type C KVM - HDMI, DP, Type C - Height Adjustable - Black	$849.99	AORUS	0.03ms GTG	240 Hz	3840 x 2160 (4K)	OLED
https://www.newegg.com/msi-mpg-491cqpx-qd-oled-49-dqhd-240-hz-metallic-black/p/N82E16824475437?recaptcha=pass	MSI 49" 240 Hz OLED DQHD Gaming Monitor Adaptive Sync MPG 491CQPX QD-OLED	$1,099.99	MSI	0.03ms (GTG)	240 Hz	5120 x 1440	OLED
https://www.newegg.com/msi-mag-32c6x-32-fhd-250hz-va-metallic-black/p/N82E16824475396?recaptcha=pass	MSI 32" 250Hz (OC) VA FHD Gaming Monitor 81% Adobe RGB / 78% DCI-P3 /101% sRGB MAG 32C6X	$184.99	MSI	1ms (MPRT)	250Hz (OC)	1920 x 1080	VA
https://www.newegg.com/msi-mag-274urfw-27-uhd-160-hz-rapid-ips-white-rgb/p/N82E16824475389?recaptcha=pass	MSI 27" 160 Hz Rapid IPS UHD Gaming Monitor MAG 274URFW	$359.99	MSI	0.5ms (GTG)	160 Hz	3840 x 2160 (4K)	Rapid IPS
https://www.newegg.com/msi-mag-274cxf-27-fhd-280-hz-rapid-va-metallic-black/p/N82E16824475432?recaptcha=pass	MSI 27" 280 Hz Rapid VA FHD Gaming Monitor 0.5ms (GTG) Adaptive Sync 1920 x 1080 Curved MAG 274CXF	$159.99	MSI	0.5ms (GtG, Min.)	280 Hz	1920 x 1080	Rapid VA
https://www.newegg.com/asus-vg34vq3b-34-uwqhd-180-hz-tuf-gaming-va/p/N82E16824281324?recaptcha=pass	ASUS TUF Gaming Monitor 34" Ultra-wide Curved Monitor (VG34VQ3B) - 21:9 QHD (3440x1440), 180Hz, 1ms, Extreme Low Motion Blur Sync, FreeSync Premium, Speaker, 90% DCI-P3, DisplayWidget Center	$338.99	ASUS	1ms MPRT*	180 Hz	3440 x 1440 (2K)	VA
https://www.newegg.com/msi-mag274qrfw-27-qhd-180-hz-rapid-ips-white/p/N82E16824475368?recaptcha=pass	MSI 27" 180 Hz Rapid IPS QHD Gaming Monitor 2560 x 1440 (2K) 1ms (GTG) MAG 274QRFW	$224.99	MSI	1ms (GTG)	180 Hz	2560 x 1440 (2K)	Rapid IPS
https://www.newegg.com/msi-mag-325cqrxf-e2-31-5-qhd-240-hz-rapid-va-metallic-black-rgb/p/N82E16824475438?recaptcha=pass	MSI 31.5" 240 Hz Rapid VA QHD Gaming Monitor Adaptive Sync MAG 325CQRXF E2	$359.99	MSI	0.5ms (GTG)	240 Hz	2560 x 1440 (2K)	Rapid VA
https://www.newegg.com/asrock-phantom-gaming-cl27ffa-27-fhd-120-hz-ips-black/p/N82E16824028020?recaptcha=pass	ASRock Phantom Gaming 27" 120 Hz IPS FHD Gaming Monitor sRGB 99% CL27FFA CL27FFA	$109.99	ASRock Phantom Gaming	1ms (MPRT), 4ms (GTG)	120 Hz	NaN	IPS
https://www.newegg.com/msi-mag-27c6f-e20-27-fhd-200-hz-rapid-va-metallic-black/p/N82E16824475482?recaptcha=pass	MSI 27" 200 Hz Rapid VA FHD Gaming Monitor AMD Adaptive Sync 81% ADOBE RGB / 76% DCI-P3 / 98% sRGB (CIE1976 Standard) MAG 276CF E20	$149.99	MSI	0.5ms (GTG)	200 Hz	1920 x 1080	Rapid VA
https://www.newegg.com/msi-g274qpf-27-qhd-170-hz-rapid-ips/p/N82E16824475366?recaptcha=pass	MSI 27" Gaming Monitor, 2560 x 1440 (QHD), Rapid IPS, 1ms, 170Hz, G-Sync Compatible, HDR Ready, HDMI, Displayport, Tilt, Swivel, Height Adjustable, Pivot, G274QPF	$119.99	MSI	1ms GtG	170 Hz	2560 x 1440 (2K)	Rapid IPS
https://www.newegg.com/asrock-pg27qft1b-27-qhd-180-hz-ips-black/p/N82E16824946003?recaptcha=pass	ASRock Phantom Gaming Monitor 27" 180 Hz IPS QHD FreeSync (AMD Adaptive Sync) 99% sRGB / 90% DCI-P3 PG27QFT1B	$157.77	ASRock Phantom Gaming	1ms (MPRT), 5ms (GTG)	180 Hz	2560 x 1440 (2K)	IPS
https://www.newegg.com/asus-xg27aqdmg-27-qhd-240-hz-oled/p/N82E16824281313?recaptcha=pass	ASUS ROG Strix 27” 1440P OLED Gaming Monitor (XG27AQDMG) - Glossy WOLED panel, 240 Hz, 0.03 ms, OLED Anti-flicker, ASUS OLED Care, G-SYNC® compatible, 99% DCI-P3, and DisplayWidget Center	$699.00	ASUS	0.03 ms (GTG)	240 Hz	2560 x 1440 (2K)	OLED
https://www.newegg.com/msi-mag321cup-32-uhd-160-hz-va-metallic-black/p/N82E16824475384?recaptcha=pass	MSI 32" (31.5" Actual Size) 160 Hz VA UHD Gaming Monitor 90% Adobe RGB / 91% DCI-P3 / 114% sRGB MAG321CUP	$369.99	MSI	1ms (MPRT)	160 Hz	3840 x 2160 (4K)	VA
https://www.newegg.com/msi-mpg-275cqrxf-27-qhd-240-hz-rapid-va-metallic-black-rgb/p/N82E16824475412?recaptcha=pass	MSI MPG 275CQRXF 27-inch 2560 x 1440 (QHD) Computer Monitor, 240Hz, Adaptive-Sync, HDR Ready, HDMI, VGA Port, Display Port,VESA Mountable, Tilt, Speaker, 0.5ms, Black	$259.99	MSI	0.5ms (GTG)	240 Hz	2560 x 1440 (2K)	Rapid VA
https://www.newegg.com/samsung-ls27dg500enxza-27-qhd-180-hz-odyssey-g50d-fast-ips-black/p/N82E16824027313?recaptcha=pass	SAMSUNG 27" 180 Hz Fast IPS QHD(2560 x 1440) Gaming Monitor Nvidia G-Sync Compatible sRGB 99% Odyssey G50D LS27DG500ENXZA	$229.99	SAMSUNG	1ms (GTG)	180 Hz	2560 x 1440 (2K)	Fast IPS
https://www.newegg.com/msi-mag255xfv-25-fhd-250-hz-rapid-va-metallic-black/p/N82E16824475391?recaptcha=pass	MSI 25" 250 Hz Rapid VA FHD Gaming Monitor MAG255XFV	$129.99	MSI	0.5ms (GTG)	250 Hz	1920 x 1080	Rapid VA
https://www.newegg.com/msi-275cqrf-qd-e2-27-qhd-180-hz-mag-rapid-va-matte-black-rgb/p/N82E16824475418?recaptcha=pass	MSI 27" 180 Hz Rapid VA QHD Gaming Monitor Adaptive Sync 97% Adobe RGB 97% DCI-P3  150% sRGB MAG 275CQRF QD E2	$229.99	MSI	0.5ms (GTG)	180 Hz	2560 x 1440 (2K)	Rapid VA
https://www.newegg.com/asrock-phantom-gaming-pg27fft1b-27-fhd-180-hz-ips/p/N82E16824028008?recaptcha=pass	ASRock Phantom Gaming Monitor 27" 180 Hz IPS FHD FreeSync (AMD Adaptive Sync) 123% sRGB / 94% DCI-P3 PG27FFT1B	$94.77	ASRock Phantom Gaming	1ms (MPRT), 4ms (GtG)	180 Hz	1920 x 1080	IPS
https://www.newegg.com/msi-272urx-qd-oled-27-uhd-240-hz-mpg-black/p/N82E16824475467?recaptcha=pass	MSI 27" 240 Hz QD-OLED UHD Gaming Monitor 3840 x 2160 (4K) MPG 272URX QD-OLED	$994.23	MSI	0.03ms (GTG)	240 Hz	3840 x 2160 (4K)	OLED
https://www.newegg.com/acer-ed270u-p2bmiipx-27-qhd-170-hz-va-black/p/N82E16824011453?recaptcha=pass	Acer 27" 170 Hz VA QHD gaming monitor FreeSync Premium (AMD Adaptive Sync) 72% NTSC Nitro ED270U P2bmiipx	$149.99	Acer	1 ms	170 Hz	2560 x 1440 (2K)	VA
https://www.newegg.com/asrock-phantom-gaming-pgo27qfs-27-qhd-240-hz-oled-black/p/N82E16824946004?recaptcha=pass	ASRock Phantom Gaming Monitor 27" QHD (2560x1440) 240Hz Flat WOLED, 0.03ms (GTG), 99% DCI-P3 with 129% sRGB Color Space, 2xHDMI 2.1, 2xDisplayPort 1.4, 3xUSB, PGO27QFS	$549.00	ASRock Phantom Gaming	0.03 ms (GTG)	240 Hz	2560 x 1440 (2K)	OLED
https://www.newegg.com/p/N82E16824026476?recaptcha=pass	LG 39GX90SA Curved Gaming Monitor 39" Ultragear WQHD (3440 x 1440) OLED 240Hz, 1ms, NVIDIA G-Sync Compatible, AMD FreeSync Premium, VESA DisplayHDR True Black 400, webOS, USB Type-C, White	$899.99	LG	0.03 ms	240 Hz	3440 x 1440	NaN
https://www.newegg.com/asus-xg27aq-w-27-wqhd-170-hz-rog-strix-fast-ips/p/N82E16824281183?recaptcha=pass	ASUS ROG Strix Gaming Monitor 27" 2560 x1440 1440P WQHD 2K Fast IPS, 170Hz Nvidia G-SYNC Compatible HDR400 White XG27AQ-W	$339.00	ASUS	1 ms (GTG)	170 Hz (OC)	2560 x 1440 (2K)	Fast IPS
https://www.newegg.com/msi-mag-321cupdf-31-5-160hz-uhd-320hz-fhd-rapid-va-metallic-black/p/N82E16824475480?recaptcha=pass	MSI 31.5" 160Hz UHD / 320Hz FHD Rapid VA UHD Gaming Monitor AMD Adaptive Sync 93% ADOBE RGB / 97% DCI-P3 / 136% sRGB (CIE1976 Standard) MAG 321CUPDF	$379.99	MSI	0.5ms (GTG)	160Hz UHD / 320Hz FHD	3840 x 2160 (4K)	Rapid VA
https://www.newegg.com/msi-mag-242c-24-fhd-180-hz-va-metallic-black/p/N82E16824475473?recaptcha=pass	MSI 24" (23.6" Viewable) 180 Hz VA FHD Gaming Monitor Adaptive Sync 89.9% ADOBE RGB / 91.5% DCI-P3 / 115.8% sRGB MAG 242C	$119.99	MSI	1ms (MPRT) / 4ms (GTG)	180 Hz	1920 x 1080	VA
https://www.newegg.com/msi-mag-271qp-qd-oled-x24-27-qhd-240-hz-metallic-black/p/N82E16824475469?recaptcha=pass	MSI Gaming Monitor 27" (26.5" Viewable) 240 Hz OLED WQHD Adaptive Sync MAG 271QP QD-OLED X24	$590.97	MSI	0.03ms (GTG)	240 Hz	2560 x 1440 (2K)	OLED
https://www.newegg.com/gigabyte-mo34wqc2-34-wqhd-240-hz-oled-black/p/N82E16824012085?recaptcha=pass	GIGABYTE - MO34WQC2 (US) - 34" QD-OLED Curved Gaming Monitor - WQHD 3440x1440 - Curved - 240 Hz - 0.03ms GTG - AMD FreeSync Premium Pro - Type C KVM - HDMI, DP, Type C - Height Adjustable - Black	$699.99	GIGABYTE	0.03ms GTG	240 Hz	3440 x 1440 (2K)	OLED
https://www.newegg.com/samsung-ls34c502ganxza-34-uwqhd-100-hz-va-black/p/N82E16824027252?recaptcha=pass	SAMSUNG VIEWFINITY S5 34"  2K 3440 x 1440 WQHD 100Hz FreeSync HDR10, 21:9 Monitor for work and gaming LS34C502GANXZ	$329.99	SAMSUNG	5ms (GTG)	100 Hz	3440 x 1440 (2K)	VA
https://www.newegg.com/samsung-ls32dg302enxza-32-fhd-180-hz-odyssey-g3/p/N82E16824027340?recaptcha=pass	Samsung 32" Odyssey G3 (G30D) Gaming Monitor FHD 180Hz 1ms with Ergonomic Stand - LS32DG302ENXZA	$179.99	SAMSUNG	1 ms (MPRT)	180 Hz	1920 x 1080	NaN
https://www.newegg.com/msi-mpg-321curx-qd-oled-32-uhd-240-hz-metallic-black-rgb/p/N82E16824475451?recaptcha=pass	MSI 32" 240 Hz OLED UHD Gaming Monitor Adaptive Sync MPG 321CURX QD-OLED	$999.99	MSI	0.03ms (GTG)	240 Hz	3840 x 2160 (4K)	OLED
https://www.newegg.com/msi-g32c4x-32-fhd-250-hz-va/p/N82E16824475492?recaptcha=pass	MSI 32" 250 Hz Curved 1920x1080 VA FHD Gaming Monitor FreeSync Premium (AMD Adaptive Sync) 89.6% Adobe RGB / 91.1% DCI-P3 / 114.8% sRGB G32C4XS	$129.99	MSI	1ms (MPRT)	250 Hz	1920 x 1080	VA
https://www.newegg.com/msi-mag-321upx-qd-oled-32-uhd-240-hz-metallic-black/p/N82E16824475358?recaptcha=pass	MSI MAG 321UPX QD-OLED 32" 16:9, QD-OLED Gaming Monitor, 240Hz 0.03ms, 3840 x 2160 (UHD), Height Adjustable Arm	$899.00	MSI	0.03ms (GTG)	240 Hz	3840 x 2160 (4K)	OLED
https://www.newegg.com/acer-ed323qu-p1bmiipx-31-5-qhd-180-hz-nitro-va-black/p/N82E16824011512?recaptcha=pass	Acer Nitro ED323QU P1bmiipx 31.5" 1000R Curved WQHD (2560 x 1440) Zero Frame Gaming Monitor with AMD FreeSync Technology, Up to 180Hz, 1ms(VRB) - (1 x Display Port 1.4 & 2 x HDMI 2.0 Ports)	$204.99	Acer	1ms (VRB)	180 Hz	2560 x 1440 (2K)	VA
https://www.newegg.com/asrock-phantom-gaming-pg27qrt2a-27-qhd-hdmi-30-khz-230-khz-48-hz-144-hz-dp-30-khz-265-khz-48-hz-180-hz-va-black/p/N82E16824028013?recaptcha=pass	ASRock Phantom Gaming 27" 180Hz 1ms VA QHD Gaming Monitor FreeSync (AMD Adaptive Sync) 2560 x 1440 (PG27QRT2A)	$147.99	ASRock Phantom Gaming	1ms (MPRT)	180 Hz	2560 x 1440 (2K)	VA
https://www.newegg.com/samsung-odyssey-g55c-27-qhd-165-hz-va-black/p/N82E16824027311?recaptcha=pass	SAMSUNG 27-Inch Odyssey G55C Series QHD 1000R Curved Gaming Monitor, 1ms(MPRT), HDR10, 165Hz, AMD Radeon FreeSync, Eye Care, LS27CG552ENXZA	$299.99	SAMSUNG	1 ms (MPRT)	165 Hz	2560 x 1440 (2K)	VA
https://www.newegg.com/acer-xv275u-vymipruzx-27-wqhd-170-hz-nitro-ips-black/p/N82E16824011465?recaptcha=pass	Acer Nitro XV275U Vymipruzx Gaming Monitor 27" IPS WQHD 2560 x1440 170Hz Refresh Rate 1ms Response Time AMD FreeSync Premium Technology, Built-In KVM Switch, USB Type-C Port x1, Video Port x1	$169.99	Acer	1ms (typ.) / 0.5ms (GTG, Min.)	170 Hz	2560 x 1440 (2K)	IPS
https://www.newegg.com/samsung-ls24dg302enxza-24-fhd-180-hz-odyssey-g3/p/N82E16824027338?recaptcha=pass	Samsung 24" Odyssey G3 (G30D) Gaming Monitor FHD 180Hz 1ms with Ergonomic Stand - LS24DG302ENXZA	$109.99	SAMSUNG	1 ms (MPRT)	180 Hz	1920 x 1080	NaN
https://www.newegg.com/msi-mag-276cxf-27-fhd-280-hz-rapid-va-metallic-black/p/N82E16824475431?recaptcha=pass	MSI 27" 280 Hz Rapid VA FHD Gaming Monitor Adaptive Sync MAG 276CXF	$159.99	MSI	0.5ms (GTG)	280 Hz	1920 x 1080	Rapid VA
https://www.newegg.com/msi-mag-274qf-x24-27-qhd-240-hz-rapid-ips-metallic-black/p/N82E16824475478?recaptcha=pass	MSI 27" 240 Hz Rapid IPS WQHD Gaming Monitor AMD Adaptive Sync MAG 274QF X24	$249.99	MSI	0.50 ms	240 Hz	2560 x 1440 (2K)	Rapid IPS
https://www.newegg.com/p/N82E16824475484?recaptcha=pass	MSI 24" 200 Hz Rapid IPS Gaming Monitor FreeSync (AMD Adaptive Sync) MAG 242F	$119.99	MSI	0.5ms (GTG)	200 Hz	1920 x 1080	Rapid IPS
https://www.newegg.com/msi-mag-321up-qd-oled-32-uhd-165-hz-metallic-black/p/N82E16824475398?recaptcha=pass	MSI 32" 165 Hz OLED UHD Gaming Monitor MAG 321UP QD-OLED	$799.99	MSI	0.03ms (GTG)	165 Hz	3840 x 2160 (4K)	OLED
https://www.newegg.com/asrock-phantom-gaming-pg27qrt1b-27-qhd-180-hz-va-black/p/N82E16824028014?recaptcha=pass	ASRock Phantom Gaming Monitor 27" 180 Hz VA QHD FreeSync (AMD Adaptive Sync) 95% DCI-P3 / 132% sRGB PG27QRT1B	$147.99	ASRock Phantom Gaming	1ms (MPRT)	180 Hz	2560 x 1440 (2K)	VA
https://www.newegg.com/msi-mag275cqrf-qd-27-0-wqhd-170-hz-rapid-va-with-quantum-dot-metallic-black-rgb/p/N82E16824475309?recaptcha=pass	MSI 27" 170 Hz Rapid VA with Quantum Dot WQHD Gaming Monitor FreeSync Premium (AMD Adaptive Sync) 2560 x 1440 (2K) 94% Adobe RGB / 96% DCI-P3 / 127% sRGB MAG275CQRF QD	$219.99	MSI	1 ms (GTG)	170 Hz	2560 x 1440 (2K)	Rapid VA with Quantum Dot
https://www.newegg.com/lg-27gs60qc-b-27-qhd-180-hz-ultragear-va/p/N82E16824026416?recaptcha=pass	LG 27" 180 Hz VA QHD Gaming Monitor FreeSync (AMD Adaptive Sync) sRGB 99% (CIE1931) UltraGear 27GS60QC-B	$199.99	LG	1ms (GtG at Faster)	180 Hz	2560 x 1440 (2K)	VA
https://www.newegg.com/samsung-odyssey-g70d-27-uhd-144-hz-fast-ips-black/p/N82E16824027347?recaptcha=pass	Samsung 27" Odyssey G7 (G70D) Gaming Monitor 4K UHD IPS 144Hz 1ms(GtG) Smart Gaming Monitor, G-Sync Compatible, AMD Freesync Premium, Vivid Colors, Adjustable Stand, Black Equalizer, LS27DG702ENXZA	$699.99	SAMSUNG	1 ms GtG	144 Hz	3840 x 2160 (4K)	Fast IPS
https://www.newegg.com/asrock-phantom-gaming-pg27qrt1b-27-qhd-180-hz-va-black/p/N82E16824028015?recaptcha=pass	ASRock Phantom Curved Gaming Monitor 27" 280 Hz VA FHD 1ms FreeSync Premium (AMD Adaptive Sync) 93% DCI-P3 / 127% sRGB PG27FRS1A	$119.99	ASRock Phantom Gaming	1ms (MPRT)	280 Hz	1920 x 1080	VA
https://www.newegg.com/lg-32gx870a-b-32-uhd-480-hz-oled-black/p/N82E16824026469?recaptcha=pass	LG 32" UltraGear OLED 4K UHD (3840x2160)Gaming Monitor Dual-Mode, 240Hz, 0.03ms, Nvidia, AMD FreeSync Premium Pro, DCI-P3 98.5% 32GX870A-B	$999.99	LG	0.03 ms (GtG)	480 Hz	3840 x 2160 (4K)	OLED
https://www.newegg.com/msi-mag-321cup-qd-oled-32-uhd-165-hz-metallic-black/p/N82E16824475453?recaptcha=pass	MSI 31.5" 180 Hz VA QHD Gaming Monitor Adaptive Sync MAG 325CQRF QD E2	$299.99	MSI	0.5ms (GTG)	180 Hz	2560 x 1440 (2K)	VA
https://www.newegg.com/p/N82E16824475483?recaptcha=pass	MSI 34" 180 Hz VA UWQHD Gaming Monitor FreeSync (AMD Adaptive Sync) MAG 346CQ	$289.99	MSI	1ms (MPRT) / 4ms (GTG)	180 Hz	3440 x 1440	VA
https://www.newegg.com/msi-mag-255f-e20-24-5-fhd-200-hz-rapid-ips-metallic-black/p/N82E16824475470?recaptcha=pass	MSI 25" (24.5") 200 Hz Rapid IPS FHD Gaming Monitor Adaptive Sync 83% ADOBE RGB / 79% DCI-P3 / 100% sRGB MAG 255F E20	$129.99	MSI	0.5ms (GtG, Min)	200 Hz	1920 x 1080	Rapid IPS
https://www.newegg.com/msi-mpg-491cqp-qd-oled-49-dqhd-144-hz/p/N82E16824475356?recaptcha=pass	MSI MPG 491CQP Gaming Monitor QD-OLED 49" 32:9 Curved 1800R, 144Hz 0.03ms, 5120 x 1440 (DQHD), Height Adjustable Arm, AI ENGINE	$849.99	MSI	0.03ms (GtG)	144 Hz	5120 x 1440	OLED
https://www.newegg.com/asrock-phantom-gaming-pg27ffx2a-27-fhd-520-hz-ips-black/p/N82E16824028017?recaptcha=pass	ASRock Phantom Gaming 27" 520 Hz IPS FHD Gaming Monitor FreeSync Premium (AMD Adaptive Sync) 94% DCI-P3 / 123% sRGB PG27FFX2A	$297.99	ASRock Phantom Gaming	1ms (GtG)	520 Hz	1920 x 1080	IPS
https://www.newegg.com/msi-mag-271qpx-qd-oled-27-qhd-360-hz-metallic-black/p/N82E16824475360?recaptcha=pass	MSI MAG 271QPX QD-OLED 27" 16:9, QD-OLED Gaming Monitor, 360Hz 0.03ms, 2560 x 1440 (WQHD), Height Adjustable Arm	$619.99	MSI	0.03ms (GTG)	360 Hz	2560 x 1440 (2K)	OLED
https://www.newegg.com/msi-mag-32cq6f-32-wqhd-180-hz-rapid-va-metallic-black/p/N82E16824475395?recaptcha=pass	MSI 32" 180 Hz Rapid VA WQHD Gaming Monitor 82% Adobe RGB / 78% DCI-P3 / 101% sRGB MAG 32CQ6F	$219.99	MSI	0.5ms (GtG, Min.)	180 Hz	2560 x 1440 (2K)	Rapid VA
https://www.newegg.com/acer-xf273u-f3bmiiprx-27-qhd-320-hz-nitro-ips-black/p/N82E16824011515?recaptcha=pass	Acer Nitro XF273U F3bmiiprx Gaming Monitor 27" WQHD (2560 x 1440) IPS with AMD FreeSync Premium Technology, 320Hz Refresh Rate, Up to 0.5ms, sRGB 99%, (2 x HDMI 2.1 Ports & 1 x Display Port 1.4)	$299.99	Acer	1ms (G to G) - Up to 0.5ms (G to G)	320 Hz	2560 x 1440 (2K)	IPS
https://www.newegg.com/msi-mpg-322urx-qd-oled-32-uhd-240-hz-metallic-black-rgb/p/N82E16824475463?recaptcha=pass	MSI 32" (31.5" Viewable) 240 Hz QD-OLED UHD Gaming Monitor FreeSync (AMD Adaptive Sync) 3840 x 2160 (4K),1xDisplay Port 2.1a, 2xHDMI 2.1 (UHD@240Hz),1xType C, MPG 322URX QD-OLED	$1,099.99	MSI	0.03ms (GTG)	240 Hz	3840 x 2160 (4K)	OLED
https://www.newegg.com/lg-45gx950a-b-45-wuhd-330-hz-oled-black/p/N82E16824026470?recaptcha=pass	LG 45" UltraGear™ OLED Gaming Monitor 5K2K WUHD 165Hz or WFHD Dual Mode 330Hz 0.03ms Nvidia G-sync Compatible DisplayPort 2.1 45GX950A-B	$1,996.99	LG	0.03 ms (GtG)	330 Hz	5120 x 2160 (5K)	OLED
https://www.newegg.com/msi-mpg-321urxw-qd-oled-32-uhd-240-hz-metallic-white-rgb/p/N82E16824475454?recaptcha=pass	MSI 32" 240 Hz OLED UHD Gaming Monitor Adaptive Sync MPG 321URXW QD-OLED	$979.99	MSI	0.03ms (GTG)	240 Hz	3840 x 2160 (4K)	OLED
https://www.newegg.com/msi-mag-244c-24-fhd-180-hz-va-metallic-black/p/N82E16824475472?recaptcha=pass	MSI Gaming Monitor 24" (23.6" Viewable) 180 Hz VA FHD Gaming Monitor Adaptive Sync 87% ADOBE RGB / 84% DCI-P3 / 105% sRGB MAG 244C	$119.99	MSI	1ms (MPRT) / 4ms (GTG)	180 Hz	1920 x 1080	VA
https://www.newegg.com/samsung-ls32bg852nnxgo-32-uhd-max-240-hz-odyssey-neo-g8-va/p/N82E16824027121?recaptcha=pass	SAMSUNG 32" Max 240 Hz VA UHD Gaming Monitor FreeSync Premium Pro (AMD Adaptive Sync) DCI-P3 95% HDMI, DisplayPort, USB, Audio Odyssey Neo G8 LS32BG852NNXGO	$1,299.99	SAMSUNG	1 ms (GTG)	Max 240 Hz	3840 x 2160 (4K)	VA
https://www.newegg.com/asus-xg27acmg-27-qhd-270-hz-rog-strix-fast-ips/p/N82E16824281323?recaptcha=pass	ASUS 27" 270 Hz Fast IPS QHD Gaming Monitor FreeSync Premium & G-Sync Compatible 95% DCI-P3, 125% sRGB ROG Strix XG27ACMG	$399.00	ASUS	1ms (GTG)	270 Hz	2560 x 1440 (2K)	Fast IPS
https://www.newegg.com/asus-xg27acg-w-27-qhd-180-hz-rog-strix-fast-ips-white/p/N82E16824281321?recaptcha=pass	ASUS ROG Strix 27" 1440P USB-C HDR Gaming Monitor (XG27ACG-W) - White, QHD, 180Hz, 1ms, Fast IPS, DCI-P3 95%, Extreme Low Motion Blur Sync, G-Sync Compatible, Tripod Socket, AI Gaming	$329.99	ASUS	1ms (GTG)	180 Hz	2560 x 1440 (2K)	Fast IPS
https://www.newegg.com/asrock-phantom-gaming-pg25fft-24-5-fhd-280-hz-ips-black/p/N82E16824028016?recaptcha=pass	ASRock Phantom Gaming Monitor 24.5" 180 Hz IPS FHD FreeSync (AMD Adaptive Sync) 94% DCI-P3 / 126% sRGB PG25FFT	$87.99	ASRock Phantom Gaming	1ms (GtG), 1ms (MPRT)	180 Hz	1920 x 1080	IPS
https://www.newegg.com/asrock-phantom-gaming-pg27fft1a-27-fhd-180-hz-ips/p/N82E16824028009?recaptcha=pass	ASRock Phantom Gaming Monitor 27" 180 Hz IPS FHD FreeSync (AMD Adaptive Sync) 123% sRGB / 94% DCI-P3 PG27FFT1A	$107.77	ASRock Phantom Gaming	1ms (MPRT), 4ms (GtG)	180 Hz	1920 x 1080	IPS
https://www.newegg.com/asus-xg32wcs-32-qhd-180-hz-rog-strix-fast-va/p/N82E16824281319?recaptcha=pass	ASUS ROG Strix 32" 1440P USB-C Curved HDR Gaming Monitor (XG32WCS) - QHD, 180Hz, 1ms, Fast VA, Extreme Low Motion Blur Sync, FreeSync, DisplayWidget, Tripod Socket, AI Technology	$299.00	ASUS	1ms (GTG)	180 Hz	2560 x 1440 (2K)	Fast VA
https://www.newegg.com/p/N82E16824027362?recaptcha=pass	Samsung 49" Odyssey G9 G91F Gaming Monitor DQHD 144Hz	$999.99	SAMSUNG	1ms (GTG)	144 Hz	5120 x 1440	VA
https://www.newegg.com/samsung-ls27dg302enxza-27-fhd-180-hz-odyssey-g3/p/N82E16824027339?recaptcha=pass	Samsung 27" Odyssey G3 (G30D) Gaming Monitor FHD 180Hz 1ms with Ergonomic Stand - LS27DG302ENXZA	$159.99	SAMSUNG	1 ms (MPRT)	180 Hz	1920 x 1080	VA
https://www.newegg.com/asus-vg27vh1b-27-fhd-165-hz-tuf-gaming-va-black/p/N82E16824281063?recaptcha=pass	ASUS TUF Gaming VG27VH1B 27" Curved Monitor, 1080P Full HD, 165Hz (Supports 144Hz), Extreme Low Motion Blur, Adaptive-sync, FreeSync Premium, 1ms MPRT, Eye Care, HDMI D-Sub	$190.00	ASUS	1 ms MPRT*1ms MPRT spec is based on internal testes. Response time may vary depending on test conditions	165 Hz (Max.)	1920 x 1080	VA
https://www.newegg.com/p/N82E16824027360?recaptcha=pass	SAMSUNG 27-inch Odyssey 3D G90XF Gaming Monitor, 4K, 165Hz, 1ms Response Time, AMD FreeSync Premium, Glasses-Free, Ergonomic Stand, LS27FG900XNXZA, 2025	$1,999.99	SAMSUNG	1ms (GTG)	165 Hz	3840 x 2160 (4K)	IPS
https://www.newegg.com/asus-vg259q3a-24-5-fhd-180-hz-tuf-gaming-ips/p/N82E16824281302?recaptcha=pass	ASUS TUF Gaming 25" (24.5" Viewable) 1080P Gaming Monitor (VG259Q3A) - FHD, 180Hz, 1ms, Fast IPS, Extreme Low Motion Blur, FreeSync, Variable Overdrive, Speakers, 99% sRGB, Shadow Boost	$169.99	ASUS	1ms (GTG)*	180 Hz	1920 x 1080	IPS
https://www.newegg.com/viewsonic-xg2431-24-fhd-240-hz-ips-black/p/N82E16824117068?recaptcha=pass	ViewSonic XG2431 Gaming Monitor 24" 1080p 240Hz 1ms with AMD FreeSync Premium, Advanced Ergonomics, Eye Care, HDMI and DisplayPort for Esports	$279.99	ViewSonic	1 ms	240 Hz	1920 x 1080	IPS
https://www.newegg.com/viewsonic-vx2718-2kpc-mhd-27-qhd-165-hz-va-black/p/N82E16824117047?recaptcha=pass	ViewSonic VX2718-2KPC-MHD Curved Gaming Monitor 27" WQHD 1440p 180Hz 1ms with Adaptive-Sync Eye Care HDMI and Display Port	$199.99	ViewSonic	1ms (MPRT)	180 Hz	2560 x 1440 (2K)	VA
https://www.newegg.com/samsung-ls49cg954enxza-49-dqhd-max-240-hz-odyssey-g9-va-black/p/N82E16824027310?recaptcha=pass	SAMSUNG 49-Inch Odyssey G9 Series DQHD 1000R Curved Gaming Monitor, 1ms(GtG), VESA DisplayHDR 1000, 240Hz, AMD FreeSync Premium Pro, Height Adjustable Stand, LS49CG954ENXZ	$1,199.99	SAMSUNG	1 ms (GTG)	Max 240 Hz	5120 x 1440	VA
https://www.newegg.com/samsung-ls34bg850snxza-34-wqhd-175-hz-g85sb-qd-oled/p/N82E16824027217?recaptcha=pass	SAMSUNG 34" Odyssey G85SB Series Curved Gaming Monitor QD-OLED Ultra WQHD, 175Hz, 0.03ms, DisplayHDR True Black 400, AMD FreeSync Premium Pro, Advanced Game Streaming, LS34BG850SNXZA	$1,199.99	SAMSUNG	0.03ms(GTG)	175 Hz	3440 x 1440 (2K)	OLED
https://www.newegg.com/asus-vg249qm5a-23-8-fhd-240-hz-tuf-gaming-fast-ips/p/N82E16824281380?recaptcha=pass	ASUS TUF Gaming Series 5 - VG249QM5A Gaming Monitor– 23.8" FHD(1920 x 1080) Fast-IPS, 240Hz, 0.3ms, G-SYNC® compatible, AMD FreeSync™ Premium, ELMB SYNC, 99% sRGB, DisplayWidget Center, Gaming AI,	$119.99	ASUS	1ms(GTG), 0.3ms(min.)	240 Hz	1920 x 1080	Fast IPS
https://www.newegg.com/acer-vg271u-m3bmiipx-27-wqhd-144hz-using-hdmi-port-180hz-using-display-port-nitro-ips-black/p/N82E16824011467?recaptcha=pass	Acer Nitro VG271U M3bmiipx 27" Gaming Monitor WQHD (2560 x 1440) IPS with AMD FreeSync Premium Technology, Up to 180Hz, Up to 0.5ms, DCI-P3 95% (1 x Display Port 1.2, 2 x HDMI 2.0 and 1 x Audio Out)	$159.99	Acer	1ms (G to G) - Up to 0.5ms (G to G)	144Hz Using HDMI Port, 180Hz Using Display Port	2560 x 1440 (2K)	IPS
https://www.newegg.com/asus-xg27ucdmg-27-uhd-240-hz-rog-strix-qd-oled-black/p/N82E16824281365?recaptcha=pass	ASUS ROG Strix 27" 4K QD-OLED Gaming Monitor (XG27UCDMG) - 240Hz, 0.03ms, OLED Anti-Flicker 2.0, Custom Heatsink, OLED Care Pro, Neo Proximity Sensor, 99% DCI-P3, True 10-bit color	$979.99	ASUS	0.03 ms (GTG)	240 Hz	3840 x 2160 (4K)	QD-OLED
https://www.newegg.com/msi-mpg-321urx-qd-oled-32-uhd-240-hz/p/N82E16824475357?recaptcha=pass	MSI MPG 321URX QD-OLED 32" 16:9, QD-OLED Gaming Monitor, 240Hz 0.03ms, 3840 x 2160 (UHD), Height Adjustable Arm, RGB, AI ENGINE	$898.52	MSI	0.03 ms	240 Hz	3840 x 2160 (4K)	OLED
https://www.newegg.com/msi-mpg-271qrx-qd-oled-27-wqhd-360-hz/p/N82E16824475359?recaptcha=pass	MSI MPG 271QRX QD-OLED 27" 16:9, QD-OLED Gaming Monitor, 360Hz 0.03ms, 2560 x 1440 (WQHD), Height Adjustable Arm, RGB, AI ENGINE	$639.99	MSI	0.03ms (GtG)	360 Hz	2560 x 1440 (2K)	OLED
https://www.newegg.com/acer-ed270-zbmiipx-27-fhd-280-hz-nitro-va-black/p/N82E16824011518?recaptcha=pass	Acer Nitro Gaming Monitor 27" 280Hz Curved Full HD with AMD FreeSync Premium Technology 1ms with both Display Port and HDMI Port ED270 Zbmiipx	$149.99	Acer	1ms (VRB)	280 Hz	1920 x 1080	VA
https://www.newegg.com/samsung-ls57cg952nnxza-57-duhd-240-hz-odyssey-neo-g9-va-white/p/N82E16824027274?recaptcha=pass	Samsung 57" Odyssey Neo G9 Curved Gaming Monitor Dual 4K UHD Quantum Mini-LED 240Hz 1ms(GtG) HDR 1000	$1,499.99	SAMSUNG	1ms (GTG)	240 Hz	7680 x 2160	VA
https://www.newegg.com/msi-mpg-341cqpx-qd-oled-34-uwqhd-240-hz-metallic-black/p/N82E16824475392?recaptcha=pass	MSI 34" 240 Hz OLED UWQHD Gaming Monitor 97.8% Adobe RGB / 99.3% DCI-P3 / 139.1% sRGB MPG 341CQPX QD-OLED	$899.99	MSI	0.03ms (GTG)	240 Hz	3440 x 1440 (2K)	OLED
https://www.newegg.com/samsung-c34g55t-34-ultra-wqhd-165-hz-odyssey-g5-va-black/p/N82E16824022912?recaptcha=pass	SAMSUNG Odyssey G5 LC34G55TWWNXZA Curved Gaming Monitor 34" WQHD 3440 x 1440 (2K) 1ms (MPRT) 165Hz HDR10, HDMI, DisplayPort FreeSync Premium	$399.99	SAMSUNG	1 ms (MPRT)	165 Hz	3440 x 1440 (2K)	VA
https://www.newegg.com/gigabyte-mo27q2-27-qhd-240-hz-qd-oled-black/p/N82E16824012094?recaptcha=pass	GIGABYTE - MO27Q2 - 27" QD-OLED Gaming Monitor - QHD 2560x1440 - 240Hz - 0.03ms GTG - AMD FreeSync Premium Pro - Type C KVM - HDMI, DP - Height Adjustable - Black	$599.99	GIGABYTE	0.03ms (GTG)	240 Hz	2560 x 1440 (2K)	OLED
https://www.newegg.com/msi-mag275qf-27-qhd-180-hz-rapid-ips-metallic-black/p/N82E16824475390?recaptcha=pass	MSI 27" 180 Hz Rapid IPS QHD Gaming Monitor MAG275QF	$173.95	MSI	0.5ms (GTG)	180 Hz	2560 x 1440 (2K)	Rapid IPS
https://www.newegg.com/asus-vg27aq-27-qhd-165-hz-tuf-gaming-ips-black/p/N82E16824236987?recaptcha=pass	ASUS TUF 27" 165Hz 1440P HDR Gaming Monitor- QHD (2560 x 1440), (Supports 144Hz), 1ms, Extreme Low Motion Blur, Speaker, G-SYNC Compatible, VESA Mountable, DisplayPort, HDMI VG27AQ	$199.00	ASUS	1ms MPRT	165 Hz	2560 x 1440 (2K)	IPS
https://www.newegg.com/gigabyte-gs27q-a-us-27-qhd-180-hz-gs-series-ips-black/p/N82E16824012103?recaptcha=pass	GIGABYTE - GS27QA - 27" IPS Gaming Monitor - QHD 2560x1440 - 180Hz - 1ms MPRT - AMD FreeSync - HDMI, DP - Black	$159.99	GIGABYTE	1 ms	180 Hz	2560 x 1440 (2K)	IPS
https://www.newegg.com/msi-pro-mp243l-e14-23-8-fhd-144-hz-ips-matte-black/p/N82E16824475496?recaptcha=pass	MSI PRO MP243L E14 Gaming Monitor 24" IPS 1920 x 1080 (FHD), 144Hz, Adaptive-Synch, HDR Ready, HDMI, VGA Port,VESA Mountable, Tilt, 4-side slim bezel ,1ms, Black	$84.99	MSI	NaN	144 Hz	1920 x 1080	IPS
https://www.newegg.com/msi-mag-272qpw-qd-oled-x28-27-qhd-280-hz-metallic-white/p/N82E16824475502?recaptcha=pass	MSI 27" 280 Hz QD-OLED 2560 x 1440 (QHD) Gaming Monitor FreeSync (AMD Adaptive Sync) MAG 272QPW MAG 272QPW QD-OLED X28	$579.99	MSI	0.03 ms	280 Hz	2560 x 1440 (2K)	QD-OLED
https://www.newegg.com/msi-mag-271qp-qd-oled-x28-27-qhd-280-hz-metallic-black/p/N82E16824475503?recaptcha=pass	MSI 27" 280 Hz QD-OLED 2560 x 1440 (QHD) Gaming Monitor FreeSync (AMD Adaptive Sync) MAG 271QP MAG 271QP QD-OLED X28	$559.99	MSI	0.03 ms	280 Hz	2560 x 1440 (2K)	QD-OLED
https://www.newegg.com/samsung-ls27dg602snxza-27-qhd-360-hz-odyssey-oled-g6-silver/p/N82E16824027327?recaptcha=pass	Samsung 27" Odyssey QD-OLED G6 (G60SD) Gaming Monitor QHD 360Hz 0.03ms FreeSync Premium Pro with Sleek Metal Design - LS27DG602SNXZA	$899.99	SAMSUNG	0.03ms (GTG)	360 Hz	2560 x 1440 (2K)	OLED
https://www.newegg.com/p/N82E16824027371?recaptcha=pass	Samsung 49" Odyssey OLED G9 (G91SD) Curved Gaming Monitor Dual QHD QD-OLED G-Sync Compatibler, 144Hz, 0.03ms, AMD FreeSync Premium Pro, Ergonomic Stand,  LS49DG910SNXZA	$879.99	SAMSUNG	0.03 ms	144 Hz	5120 x 1440	NaN
https://www.newegg.com/samsung-ls37fg75denxza-37-wuhd-180-hz-odyssey-g7-g75f-va-black/p/N82E16824027373?recaptcha=pass	SAMSUNG Curved Gaming Monitor 37" 165 Hz 3840x2160 VA WUHD FreeSync Premium Pro (AMD Adaptive Sync) sRGB 99% Odyssey G7 G75F LS37FG75DENXZA	$649.99	SAMSUNG	1 ms	165 Hz	3840 x 2160 (4K)	VA
https://www.newegg.com/acer-xv270u-z1bmiiprx-27-qhd-270-hz-nitro-ips-black/p/N82E16824011516?recaptcha=pass	Acer Nitro XV270U Z1bmiiprx Gaming Monitor 27" WQHD (2560 x 1440) IPS with AMD FreeSync Premium Technology, Up to 270Hz Refresh Rate, Up to 0.5ms, sRGB 99%, (2 x HDMI 2.0 Ports & 1 x Display Port 1.4)	$199.99	Acer	1ms (G to G) - Up to 0.5ms (G to G)	270 Hz	2560 x 1440 (2K)	IPS
https://www.newegg.com/aoc-ag276qzd2-27-qhd-240-hz-agon-pro-qd-oled-black-purple/p/N82E16824160526?recaptcha=pass	AOC 27" 240 Hz OLED QHD Gaming Monitor sRGB (CIE1931): 147.7%, DCI-P3 (CIE1976): 110.2% AGON PRO AG276QZD2	$499.99	AOC	0.03ms (GtG)	240 Hz	2560 x 1440 (2K)	OLED
https://www.newegg.com/asus-vg32vq1b-32-wqhd-165-hz-tuf-gaming-va-black/p/N82E16824281075?recaptcha=pass	ASUS TUF Curved Gaming Monitor 32" 165Hz QHD HDR Curved Monitor - 2560 x 1440, 1ms, Extreme Low Motion Blur, Speaker, FreeSync Premium, VESA Mountable, DisplayPort, HDMI VG32VQ1B	$289.99	ASUS	1ms MPRT**1ms MPRT spec is based on internal testes. Response time may vary depending on test conditions	165 Hz	2560 x 1440 (2K)	VA
https://www.newegg.com/gigabyte-mo32u-32-uhd-165-hz-qd-oled-black/p/N82E16824012093?recaptcha=pass	GIGABYTE - MO32U - 32" QD-OLED Gaming Monitor - UHD 3840x2160 - 165Hz - 0.03ms GTG - AMD FreeSync Premium Pro - Type C KVM - HDMI, DP - Height Adjustable - Black	$789.99	GIGABYTE	0.03ms (GTG)	165 Hz	3840 x 2160 (4K)	OLED
https://www.newegg.com/p/N82E16824027361?recaptcha=pass	SAMSUNG 27-inch Odyssey QD-OLED G8 (G81SF), 4K, 240Hz, Gaming Monitor, 0.03ms Response Time, DisplayHDR True Black 400, AMD FreeSync™ Premium Pro, Ergonomic Stand, LS27FG810SNXZA, 2025	$879.99	SAMSUNG	0.03ms (GTG)	240 Hz	3840 x 2160 (4K)	OLED
https://www.newegg.com/p/N82E16824027374?recaptcha=pass	SAMSUNG 40" Odyssey G7 G75F Curved Gaming Monitor 5120 x 2160 WUHD 180Hz FreeSync Premium Pro LS40FG75DENXZA	$1,199.99	SAMSUNG	1 ms	MAX 180Hz	5120 x 2160 (5K)	NaN
https://www.newegg.com/samsung-ls32dg502enxza-32-qhd-180-hz-odyssey-g50d-fast-ips-black/p/N82E16824027314?recaptcha=pass	SAMSUNG Odyssey G5 Gaming Monitor 32" 180 Hz Fast IPS QHD FreeSync (AMD Adaptive Sync) 2560 x 1440 (2K) sRGB 99% w/ Height, Pivot, Swivel, Tilt Adjustable stand LS32DG502ENXZA	$279.99	SAMSUNG	1ms (GTG)	180 Hz	2560 x 1440 (2K)	Fast IPS
https://www.newegg.com/p/N82E16824027368?recaptcha=pass	Samsung 32" Odyssey OLED G8 G81SFGaming Monitor UHD 4K 240Hz,LS32FG810SNXZA, Silver	$999.99	SAMSUNG	0.03 ms	240 Hz	3840 x 2160 (4K)	OLED
https://www.newegg.com/asus-vg34vql1b-34-uwqhd-165-hz-tuf-gaming-va-black/p/N82E16824281097?recaptcha=pass	ASUS TUF Gaming VG34VQL1B 34" Curved HDR Monitor, WQHD (3440 x 1440), 165Hz, 1ms, Extreme Low Motion Blur, FreeSync Premium, Eye Care, 2 x DisplayPort 2 x HDMI USB, Height Adjustable, DisplayHDR 400	$269.99	ASUS	1ms MPRT**1ms MPRT spec is based on internal testes. Response time may vary depending on test conditions	165 Hz	3440 x 1440 (2K)	VA
https://www.newegg.com/msi-mag-274qrfw-x32-27-qhd-320-hz-rapid-ips-white-rgb/p/N82E16824475504?recaptcha=pass	MSI 27" 320 Hz Rapid IPS 2560 x 1440 (QHD) Gaming Monitor FreeSync (AMD Adaptive Sync) MAG 274QRFW MAG 274QRFW X32	$299.99	MSI	0.50 ms	320 Hz	2560 x 1440 (2K)	Rapid IPS
https://www.newegg.com/p/N82E16824281379?recaptcha=pass	ASUS ROG Strix OLED XG27AQDMGZ gaming monitor 27" 1440p glossy WOLED panel, 240 Hz, 0.03 ms, custom heatsink, OLED Anti-flicker, ASUS OLED Care,99% DCI-P3, and DisplayWidget Center	$549.99	ASUS	0.03 ms (GTG)	240 Hz	2560 x 1440 (2K)	WOLED
https://www.newegg.com/asus-xg27ucg-w-27-uhd-160-hz-fast-ips-white/p/N82E16824281329?recaptcha=pass	ASUS ROG Strix 27" 4K HDR USB-C Gaming Monitor XG27UCG-W - White, UHD (3840x2160) Dual mode (4K 160Hz or FHD 320Hz), 1ms, Fast IPS, ELMB Sync, G-SYNC Compatible, AI Gaming	$489.99	ASUS	1 ms(GTG)	160 Hz	3840 x 2160 (4K)	Fast IPS
https://www.newegg.com/p/N82E16824026511?recaptcha=pass	LG 27GX700A-B 27-inch Ultragear QHD (2560 x 1440) OLED Gaming Monitor, 280Hz, 0.03ms, NVIDIA G-Sync, AMD FreeSync Premium Pro, VESA DisplayHDR TrueBlack500, with up to DCI-P3 99.5%, HDMI 2.1, Black	$849.99	LG	0.03ms (GTG)	280 Hz	2560 x 1440 (2K)	OLED
https://www.newegg.com/lg-45gr65dc-b-45-qhd-200-hz-ultragear-va/p/N82E16824026411?recaptcha=pass	LG 45GR65DC-B 45" Ultragear Curved Gaming Monitor, QHD, 200Hz, 1ms, UltraWide Display, 32:9, AMD FreeSync Premium Pro, VESA DisplayHDR 600, HDMI 2.1 x2, DP, UBS x3, Tilt/Height/Swivel Stand Black	$769.99	LG	1ms (GtG at Faster)	200 Hz	5120 x 1440	VA
https://www.newegg.com/asus-90lm06h5-b013b0-27-full-hd/p/N82E16824281125?recaptcha=pass	ASUS 27" VA27DQ 1080P Full HD, IPS, 75Hz, Speakers, Adaptive-sync/FreeSync, Low Blue Light, Flicker Free, VESA Mountable, Frameless, HDMI, VGA, DisplayPort, Tilt Adjustable Monitor	$149.99	ASUS	5ms (GTG)	75 Hz	1920 x 1080	IPS
https://www.newegg.com/gigabyte-mo27u2-sa-27-uhd-240-hz-m-series-oled-qd-oled-black/p/N82E16824012102?recaptcha=pass	GIGABYTE - MO27U2 - 27" QD-OLED Gaming Monitor - UHD 3840x2160 - 240Hz - 0.03ms GTG - AMD FreeSync Premium Pro, G-SYNC Compatible - Type C KVM - HDMI, DP, Type-C - Height and Tilt Adjustable - Black	$999.99	GIGABYTE	0.03 ms	240 Hz	3840 x 2160 (4K)	QD-OLED
https://www.newegg.com/p/N82E16824475508?recaptcha=pass	MSI MAG 322URDF E16 Gaming Monitor 32" 3840x2160(4K) 160Hz UHD / 320Hz FHD Rapid IPS FreeSync (AMD Adaptive Sync) 0.5ms DisplayHDR 400 Eye Protection AI Vision Dual-Mode	$459.99	MSI	0.50 ms	160Hz UHD / 320Hz FHD	3840 x 2160 (4K)	Rapid IPS
https://www.newegg.com/msi-pro-mp273l-e14-27-fhd-144-hz-pro-series-ips-matte-black/p/N82E16824475500?recaptcha=pass	MSI PRO MP273L E14 27-inch IPS 1920 x 1080 (FHD) Gaming Office Monitor, 144Hz, Adaptive-Synch, HDR Ready, HDMI, VGA Port,VESA Mountable, Tilt, 4-side slim bezel ,1ms, Black	$104.99	MSI	1ms (MPRT) / 4ms (GTG)	144 Hz	1920 x 1080	IPS
https://www.newegg.com/p/N82E16824026509?recaptcha=pass	LG 27 inch UltraGear Gaming Monitor IPS QHD 1440p 300Hz 1ms NVIDIA G-Sync Compatible	$349.99	LG	1ms (GtG at Faster)	300 Hz	2560 x 1440 (2K)	IPS
https://www.newegg.com/p/N82E16824026512?recaptcha=pass	LG 34G630A-B 34-Inch Ultragear WQHD (3440 x 1440) Curved Gaming Monitor, 240Hz, 1ms, FreeSync Premium, DisplayHDR 400, Built-in Speaker, HDMI, DisplayPort, USB Type-C, Tilt/Height/Swivel Stand, Black	$356.99	LG	1ms (GtG at Faster)	240 Hz	3440 x 1440	VA
https://www.newegg.com/msi-pro-mp225v-22-fhd-100-hz-matte-black/p/N82E16824475487?recaptcha=pass	MSI 22" 100 Hz VA FHD Monitor 1ms (MPRT) / 4ms (GTG) Adaptive-Sync Pro MP225V	$64.99	MSI	1ms (MPRT) / 4ms (GTG)	100 Hz	1920 x 1080	VA
https://www.newegg.com/acer-xb273u-x1bmiiprx-27-wqhd-200-hz-predator-ips/p/N82E16824011525?recaptcha=pass	Acer Predator XB273U X1bmiiprx Gaming Monitor 27" WQHD (2560 x 1440) IPS with AMD FreeSync Premium Technology, Acer HDR400, DCI-P3 90%, Up to 0.5ms (G to G), Up to 200Hz refresh Rate	$229.99	Acer	1ms (G to G) - Up to 0.5ms (G to G)	200 Hz	2560 x 1440 (2K)	IPS
https://www.newegg.com/asus-pa278qv-27-wqhd/p/N82E16824281062?recaptcha=pass	ASUS ProArt Display 27" 1440P Monitor (PA278QV) - QHD (2560 x 1440), 100% sRGB/Rec. 709 Delta E < 2, IPS, DisplayPort HDMI DVI-D Mini DP, Calman Verified, Eye Care, Tilt, Pivot, Swivel, Height Adjustable	$245.99	ASUS	5 ms (GTG)	NaN	2560 x 1440 (2K)	IPS
https://www.newegg.com/msi-pro-mp271a-e2-27-fhd-120-hz-ips-matte-black/p/N82E16824475422?recaptcha=pass	MSI PRO MP271A E2 27-inch IPS 1920 x 1080 (FHD) Gaming Office Monitor, 120Hz, Free-Synch, HDMI, DisplayPort, VGA Port, VESA Mountable, Tilt, Speaker, 4-side slim bezel 1ms, Black	$99.99	MSI	1ms (MPRT) / 4ms (GTG)	120 Hz	1920 x 1080	IPS
https://www.newegg.com/p/N82E16824026495?recaptcha=pass	LG 34 inch UltraGear OLED WQHD 1440p 240Hz 0.03ms G-Sync Compatible Gaming Monitor with USB Type-C 65W 34GX900A-B	$799.99	LG	0.03ms (GTG)	240 Hz	3440 x 1440	OLED
https://www.newegg.com/msi-pro-mp341cq-34-uwqhd/p/N82E16824475291?recaptcha=pass	MSI 34'' 100 Hz VA UWQHD Monitor 4ms (GTG Min.) / 1ms MPRT FreeSync (AMD Adaptive Sync) Curved Pro MP341CQ	$239.61	MSI	4ms (GTG Min.) / 1ms MPRT	100 Hz	3440 x 1440 (2K)	VA
